<?xml version="1.0" encoding="UTF-8"?>
<project-private xmlns="http://www.netbeans.org/ns/project-private/1">
    <editor-bookmarks xmlns="http://www.netbeans.org/ns/editor-bookmarks/2" lastBookmarkId="0"/>
    <open-files xmlns="http://www.netbeans.org/ns/projectui-open-files/2">
        <group>
            <file>file:/C:/Users/HUAWEI/Documents/NetBeansProjects/VistorSystem/src/models/PatientVisit.java</file>
            <file>file:/C:/Users/HUAWEI/Documents/NetBeansProjects/VistorSystem/src/controllers/VisitorInformationController.java</file>
            <file>file:/C:/Users/HUAWEI/Documents/NetBeansProjects/VistorSystem/src/controllers/MainPageController.java</file>
            <file>file:/C:/Users/HUAWEI/Documents/NetBeansProjects/VistorSystem/src/controllers/VisitPageController.java</file>
            <file>file:/C:/Users/HUAWEI/Documents/NetBeansProjects/VistorSystem/src/vistorsystem/VistorSystem.java</file>
            <file>file:/C:/Users/HUAWEI/Documents/NetBeansProjects/VistorSystem/src/controllers/PatientPageController.java</file>
            <file>file:/C:/Users/HUAWEI/Documents/NetBeansProjects/VistorSystem/src/models/Patient.java</file>
            <file>file:/C:/Users/HUAWEI/Documents/NetBeansProjects/VistorSystem/src/models/Visit.java</file>
        </group>
    </open-files>
</project-private>
